id, organizationId, firstName, middleName, lastName, email, identification, nickname, phoneNumber, languageId, countryId, password, officeId, job, seniority, profileImageId, profileImageCode, cv, enabled, organizationalUnit, area, account, project, minTokenTime, birthDate, orgEntryDate, tosRead, tosDateRead, customerMode, giveStarTimestamp, giveStarTransactionId, passwordReset, passwordSent, insertDate, deleteDate, searchCriteria
1,1,Starmeup,NULL,User,starmeup@starmeup.com,starmeup@starmeup.com,Starmeup,NULL,1,NULL,,NULL,NULL,NULL,1,hhlnvraynucudgfrjcal,NULL,0,NULL,NULL,NULL,NULL,0,NULL,NULL,0,NULL,0,0,0,0,0,NULL,NULL,starmeup@starmeup.comUserStarmeupUserstarmeup@starmeup.com
2,1,Admin,NULL,StarMeUp,admin@starmeup.com,admin@starmeup.com,Admin,555-5555,1,1,1000:71387fb01187dad79b414d1c76a58e94459af3c57f61bda7:86e6c9456600c8812b084a79f2401a54a6dc4b07ea766359,1,Developer,Senior Dev,1,hhlnvraynucudgfrjcal,NULL,1,NULL,NULL,NULL,NULL,0,NULL,NULL,0,NULL,0,0,0,0,0,NULL,NULL,admin@starmeup.comStarMeUpAdminStarMeUpadmin@starmeup.com
3,3,Starmeup,NULL,User,starmeup@qastarmeup.com,starmeup@qastarmeup.com,Starmeup,NULL,1,NULL,,NULL,NULL,NULL,1,hhlnvraynucudgfrjcal,NULL,0,NULL,NULL,NULL,NULL,0,NULL,NULL,0,NULL,0,0,0,0,0,NULL,NULL,starmeup@qastarmeup.comUserStarmeupUserstarmeup@qastarmeup.com
4,3,John,NULL,Anderson,admin@qastarmeup.com,admin@qastarmeup.com,Admin,555-5555,1,1,1000:71387fb01187dad79b414d1c76a58e94459af3c57f61bda7:86e6c9456600c8812b084a79f2401a54a6dc4b07ea766359,10,Developer,Senior Dev,1,hhlnvraynucudgfrjcal,NULL,1,NULL,NULL,NULL,NULL,0,NULL,NULL,0,NULL,0,0,0,0,0,NULL,NULL,admin@qastarmeup.comQAStarMeUpAdminQAStarMeUpadmin@qastarmeup.com
5,3,John,NULL,Travolta,john@qastarmeup.com,john@qastarmeup.com,Test1,555-5555,1,1,1000:71387fb01187dad79b414d1c76a58e94459af3c57f61bda7:86e6c9456600c8812b084a79f2401a54a6dc4b07ea7663592,10,QA,Senior QA,1,hhlnvraynucudgfrjcal,NULL,1,NULL,NULL,NULL,NULL,0,NULL,NULL,0,NULL,0,0,0,0,0,NULL,NULL,john@qastarmeup.comTravoltaJohnTravoltajohn@qastarmeup.com
6,3,Peter,NULL,Smith,peter@qastarmeup.com,peter@qastarmeup.com,Test2,555-5555,1,1,1000:71387fb01187dad79b414d1c76a58e94459af3c57f61bda7:86e6c9456600c8812b084a79f2401a54a6dc4b07ea7663592,10,WEB,Junior WebUi,1,hhlnvraynucudgfrjcal,NULL,1,NULL,NULL,Test Account 1,NULL,0,NULL,NULL,0,NULL,0,0,0,0,0,NULL,NULL,peter@qastarmeup.comPanPeterPanpeter@qastarmeup.com
7,3,Rocky,NULL,Balboa,balboa@qastarmeup.com,balboa@qastarmeup.com,Rocky,555-5555,1,1,1000:71387fb01187dad79b414d1c76a58e94459af3c57f61bda7:86e6c9456600c8812b084a79f2401a54a6dc4b07ea7663592,11,PM,Semi-Senior PM,1,hhlnvraynucudgfrjcal,NULL,1,NULL,NULL,NULL,NULL,0,NULL,NULL,0,NULL,0,0,0,0,0,NULL,NULL,balboa@qastarmeup.comBalboaRockyBalboabalboa@qastarmeup.com
8,3,Test4,NULL,Pan,test4@qastarmeup.com,test4@qastarmeup.com,Test4,555-5555,1,1,1000:71387fb01187dad79b414d1c76a58e94459af3c57f61bda7:86e6c9456600c8812b084a79f2401a54a6dc4b07ea7663592,11,WEB,Junior WebUi,1,hhlnvraynucudgfrjcal,NULL,1,NULL,NULL,NULL,NULL,0,NULL,NULL,0,NULL,0,0,0,0,0,NULL,NULL,test4@qastarmeup.comPanTest4Pantest4@qastarmeup.com
9,3,Test5,NULL,Pan,test5@qastarmeup.com,test5@qastarmeup.com,Test5,555-5555,1,1,1000:71387fb01187dad79b414d1c76a58e94459af3c57f61bda7:86e6c9456600c8812b084a79f2401a54a6dc4b07ea7663592,11,WEB,Junior WebUi,1,hhlnvraynucudgfrjcal,NULL,1,NULL,NULL,NULL,NULL,0,NULL,NULL,0,NULL,0,0,0,0,0,NULL,NULL,test5@qastarmeup.comPanTest5Pantest5@qastarmeup.com
10,3,Test6,NULL,Pan,test6@qastarmeup.com,test6@qastarmeup.com,Test6,555-5555,1,1,1000:71387fb01187dad79b414d1c76a58e94459af3c57f61bda7:86e6c9456600c8812b084a79f2401a54a6dc4b07ea7663592,11,WEB,Junior WebUi,1,hhlnvraynucudgfrjcal,NULL,1,NULL,NULL,NULL,NULL,0,NULL,NULL,0,NULL,0,0,0,0,0,NULL,NULL,test6@qastarmeup.comPanTest6Pantest6@qastarmeup.com
11,3,jose mario pedroso de las rocas,NULL,del patio olmos,longname@qastarmeup.com,longname@qastarmeup.com,this is  avery long nickname,555-5555,1,1,1000:71387fb01187dad79b414d1c76a58e94459af3c57f61bda7:86e6c9456600c8812b084a79f2401a54a6dc4b07ea766359,10,this is a very very very long job description used to test,this is a very very long seniority,1,hhlnvraynucudgfrjcal,NULL,1,NULL,NULL,NULL,NULL,0,NULL,NULL,0,NULL,0,0,0,0,0,NULL,NULL,longname@qastarmeup.comdel patio olmosjose mario pedroso de las rocasdel patio olmoslongname@qastarmeup.com
12,3,spécíá´ñl,NULL,"char¬°!\""#$%%&%&%%& sahdöäßa",specialcharacters@qastarmeup.com,specialcharacters@qastarmeup.com,nícknmeß,555-5555,1,1,1000:71387fb01187dad79b414d1c76a58e94459af3c57f61bda7:86e6c9456600c8812b084a79f2401a54a6dc4b07ea766359,10,job,seniority,1,hhlnvraynucudgfrjcal,NULL,1,NULL,NULL,NULL,NULL,0,NULL,NULL,0,NULL,0,0,0,0,0,NULL,NULL,"specialcharacters@qastarmeup.comchar¬°!\""#$%%&%&%%& sahdöäßaspécíá´ñlchar¬°!\""#$%%&%&%%& sahdöäßaspecialcharacters@qastarmeup.com"
13,3,Gabriel,NULL,Praino,user1@qastarmeup.com,user1@qastarmeup.com,user1,NULL,1,1,1000:71387fb01187dad79b414d1c76a58e94459af3c57f61bda7:86e6c9456600c8812b084a79f2401a54a6dc4b07ea7663592,10,NULL,Senior BA,1,hhlnvraynucudgfrjcal,NULL,1,NULL,NULL,Test Account 1,Starmeup,0,NULL,NULL,0,NULL,0,0,0,0,0,NULL,NULL,user1@qastarmeup.comuserlastname1username1userlastname1user1@qastarmeup.com
14,3,username2,NULL,userlastname2,user2@qastarmeup.com,user2@qastarmeup.com,user2,NULL,1,1,1000:71387fb01187dad79b414d1c76a58e94459af3c57f61bda7:86e6c9456600c8812b084a79f2401a54a6dc4b07ea7663592,11,NULL,Senior BA,1,hhlnvraynucudgfrjcal,NULL,1,NULL,NULL,Test Account 1,Starmeup,0,NULL,NULL,0,NULL,0,0,0,0,0,NULL,NULL,user2@qastarmeup.comuserlastname2username2userlastname2user2@qastarmeup.com
15,3,username3,NULL,userlastname3,user3@qastarmeup.com,user3@qastarmeup.com,user3,NULL,1,1,1000:71387fb01187dad79b414d1c76a58e94459af3c57f61bda7:86e6c9456600c8812b084a79f2401a54a6dc4b07ea7663592,10,NULL,Senior BA,1,hhlnvraynucudgfrjcal,NULL,1,NULL,NULL,Test Account 1,Starmeup,0,NULL,NULL,0,NULL,0,0,0,0,0,NULL,NULL,user3@qastarmeup.comuserlastname3username3userlastname3user3@qastarmeup.com
16,3,username4,NULL,userlastname4,user4@qastarmeup.com,user4@qastarmeup.com,user4,NULL,1,1,1000:71387fb01187dad79b414d1c76a58e94459af3c57f61bda7:86e6c9456600c8812b084a79f2401a54a6dc4b07ea7663592,11,NULL,Senior BA,1,hhlnvraynucudgfrjcal,NULL,1,NULL,NULL,Test Account 1,NULL,0,NULL,NULL,0,NULL,0,0,0,0,0,NULL,NULL,user4@qastarmeup.comuserlastname4username4userlastname4user4@qastarmeup.com
17,3,username5,NULL,userlastname5,user5@qastarmeup.com,user5@qastarmeup.com,user5,NULL,1,1,1000:71387fb01187dad79b414d1c76a58e94459af3c57f61bda7:86e6c9456600c8812b084a79f2401a54a6dc4b07ea7663592,10,NULL,Senior BA,1,hhlnvraynucudgfrjcal,NULL,1,NULL,NULL,NULL,NULL,0,NULL,NULL,0,NULL,0,0,0,0,0,NULL,NULL,user5@qastarmeup.comuserlastname5username5userlastname5user5@qastarmeup.com
18,3,username6,NULL,userlastname6,user6@qastarmeup.com,user6@qastarmeup.com,user6,NULL,1,1,1000:71387fb01187dad79b414d1c76a58e94459af3c57f61bda7:86e6c9456600c8812b084a79f2401a54a6dc4b07ea7663592,10,NULL,Senior BA,1,hhlnvraynucudgfrjcal,NULL,1,NULL,NULL,NULL,NULL,0,NULL,NULL,0,NULL,0,0,0,0,0,NULL,NULL,user6@qastarmeup.comuserlastname6username6userlastname6user6@qastarmeup.com
19,3,username7,NULL,userlastname7,user7@qastarmeup.com,user7@qastarmeup.com,user7,NULL,1,1,1000:71387fb01187dad79b414d1c76a58e94459af3c57f61bda7:86e6c9456600c8812b084a79f2401a54a6dc4b07ea7663592,10,NULL,Senior BA,1,hhlnvraynucudgfrjcal,NULL,1,NULL,NULL,NULL,NULL,0,NULL,NULL,0,NULL,0,0,0,0,0,NULL,NULL,user7@qastarmeup.comuserlastname7username7userlastname7user7@qastarmeup.com
20,3,username8,NULL,userlastname8,user8@qastarmeup.com,user8@qastarmeup.com,user8,NULL,1,1,1000:71387fb01187dad79b414d1c76a58e94459af3c57f61bda7:86e6c9456600c8812b084a79f2401a54a6dc4b07ea7663592,10,NULL,Senior BA,1,hhlnvraynucudgfrjcal,NULL,1,NULL,NULL,NULL,NULL,0,NULL,NULL,0,NULL,0,0,0,0,0,NULL,NULL,user8@qastarmeup.comuserlastname8username8userlastname8user8@qastarmeup.com
21,3,username9,NULL,userlastname9,user9@qastarmeup.com,user9@qastarmeup.com,user9,NULL,1,1,1000:71387fb01187dad79b414d1c76a58e94459af3c57f61bda7:86e6c9456600c8812b084a79f2401a54a6dc4b07ea7663592,10,NULL,Senior BA,1,hhlnvraynucudgfrjcal,NULL,1,NULL,NULL,NULL,Starmeup,0,NULL,NULL,0,NULL,0,0,0,0,0,NULL,NULL,user9@qastarmeup.comuserlastname9username9userlastname9user9@qastarmeup.com
22,3,username10,NULL,userlastname10,testrjk2@gmail.com,testrjk2@gmail.com,user10,NULL,2,1,1000:71387fb01187dad79b414d1c76a58e94459af3c57f61bda7:86e6c9456600c8812b084a79f2401a54a6dc4b07ea7663592,10,NULL,Senior BA,1,hhlnvraynucudgfrjcal,NULL,1,NULL,NULL,NULL,NULL,0,NULL,NULL,0,NULL,0,0,0,0,0,NULL,NULL,testrjk2@gmail.comuserlastname10username10userlastname10testrjk2@gmail.com
23,3,"Juan<script>alert(\""Hello\"")</script>",NULL,Perez Gonzales,juan.perez@qastarmeup.com,juan.perez@qastarmeup.com,juanperez,NULL,1,1,1000:71387fb01187dad79b414d1c76a58e94459af3c57f61bda7:86e6c9456600c8812b084a79f2401a54a6dc4b07ea766359,11,NULL,Senior Dev,1,hhlnvraynucudgfrjcal,NULL,1,NULL,NULL,NULL,NULL,0,NULL,NULL,0,NULL,0,0,0,0,0,NULL,NULL,"juan.perez@qastarmeup.comPerez GonzalesJuan<script>alert(\""Hello\"")</script>Perez Gonzalesjuan.perez@qastarmeup.com"
24,3,Pablo,NULL,Vaca,pablo_vaca@hotmail.com.cc,pablo_vaca@hotmail.com.cc,pablovaca,NULL,1,1,1000:b8d1c08ca774cdb100ab09b6e05fcf4f7786b1c5e8acc0be:a671463330071899c9bd596484d07d8a12b36bf8726a37d5,11,NULL,Tech Lead,1,hhlnvraynucudgfrjcal,NULL,1,NULL,NULL,NULL,NULL,0,NULL,NULL,0,NULL,0,0,0,1,0,NULL,NULL,pablo_vaca@hotmail.com.ccVacaPabloVacapablo_vaca@hotmail.com.cc
25,3,username20,NULL,userlastname20,user20@qastarmeup.com,user20@qastarmeup.com,user20,NULL,1,1,1000:71387fb01187dad79b414d1c76a58e94459af3c57f61bda7:86e6c9456600c8812b084a79f2401a54a6dc4b07ea7663592,10,NULL,Senior BA,1,hhlnvraynucudgfrjcal,NULL,1,NULL,NULL,NULL,NULL,0,NULL,NULL,0,NULL,0,0,0,0,0,NULL,NULL,user20@qastarmeup.comuserlastname20username20userlastname20user20@qastarmeup.com
26,3,username21,NULL,userlastname21,user21@qastarmeup.com,user21@qastarmeup.com,user21,NULL,1,1,1000:71387fb01187dad79b414d1c76a58e94459af3c57f61bda7:86e6c9456600c8812b084a79f2401a54a6dc4b07ea7663592,10,NULL,Senior BA,1,hhlnvraynucudgfrjcal,NULL,1,NULL,NULL,NULL,NULL,0,NULL,NULL,0,NULL,0,0,0,0,0,NULL,NULL,user21@qastarmeup.comuserlastname21username21userlastname21user21@qastarmeup.com
27,3,username22,NULL,userlastname22,user22@qastarmeup.com,user22@qastarmeup.com,user22,NULL,1,1,1000:71387fb01187dad79b414d1c76a58e94459af3c57f61bda7:86e6c9456600c8812b084a79f2401a54a6dc4b07ea7663592,10,NULL,Senior BA,1,hhlnvraynucudgfrjcal,NULL,1,NULL,NULL,NULL,NULL,0,NULL,NULL,0,NULL,0,0,0,0,0,NULL,NULL,user22@qastarmeup.comuserlastname22username22userlastname22user22@qastarmeup.com
28,3,username23,NULL,userlastname23,user23@qastarmeup.com,user23@qastarmeup.com,user23,NULL,1,1,1000:71387fb01187dad79b414d1c76a58e94459af3c57f61bda7:86e6c9456600c8812b084a79f2401a54a6dc4b07ea7663592,10,NULL,Senior BA,1,hhlnvraynucudgfrjcal,NULL,1,NULL,NULL,NULL,NULL,0,NULL,NULL,0,NULL,0,0,0,0,0,NULL,NULL,user23@qastarmeup.comuserlastname23username23userlastname23user23@qastarmeup.com
29,3,username24,NULL,userlastname24,user24@qastarmeup.com,user24@qastarmeup.com,user24,NULL,1,1,1000:71387fb01187dad79b414d1c76a58e94459af3c57f61bda7:86e6c9456600c8812b084a79f2401a54a6dc4b07ea7663592,10,NULL,Senior BA,1,hhlnvraynucudgfrjcal,NULL,1,NULL,NULL,NULL,NULL,0,NULL,NULL,0,NULL,0,0,0,0,0,NULL,NULL,user24@qastarmeup.comuserlastname24username24userlastname24user24@qastarmeup.com
30,3,username25,NULL,userlastname25,user25@qastarmeup.com,user25@qastarmeup.com,user25,NULL,1,1,1000:71387fb01187dad79b414d1c76a58e94459af3c57f61bda7:86e6c9456600c8812b084a79f2401a54a6dc4b07ea7663592,10,NULL,Senior BA,1,hhlnvraynucudgfrjcal,NULL,1,NULL,NULL,NULL,NULL,0,NULL,NULL,0,NULL,0,0,0,0,0,NULL,NULL,user25@qastarmeup.comuserlastname25username25userlastname25user25@qastarmeup.com
31,3,username26,NULL,userlastname26,user26@qastarmeup.com,user26@qastarmeup.com,user26,NULL,1,1,1000:71387fb01187dad79b414d1c76a58e94459af3c57f61bda7:86e6c9456600c8812b084a79f2401a54a6dc4b07ea7663592,10,NULL,Senior BA,1,hhlnvraynucudgfrjcal,NULL,1,NULL,NULL,NULL,NULL,0,NULL,NULL,0,NULL,0,0,0,0,0,NULL,NULL,user26@qastarmeup.comuserlastname26username26userlastname26user26@qastarmeup.com
32,3,username27,NULL,userlastname27,user27@qastarmeup.com,user27@qastarmeup.com,user27,NULL,1,1,1000:71387fb01187dad79b414d1c76a58e94459af3c57f61bda7:86e6c9456600c8812b084a79f2401a54a6dc4b07ea7663592,10,NULL,Senior BA,1,hhlnvraynucudgfrjcal,NULL,1,NULL,NULL,NULL,NULL,0,NULL,NULL,0,NULL,0,0,0,0,0,NULL,NULL,user27@qastarmeup.comuserlastname27username27userlastname27user27@qastarmeup.com
33,3,username28,NULL,userlastname28,user28@qastarmeup.com,user28@qastarmeup.com,user28,NULL,1,1,1000:71387fb01187dad79b414d1c76a58e94459af3c57f61bda7:86e6c9456600c8812b084a79f2401a54a6dc4b07ea7663592,10,NULL,Senior BA,1,hhlnvraynucudgfrjcal,NULL,1,NULL,NULL,NULL,NULL,0,NULL,NULL,0,NULL,0,0,0,0,0,NULL,NULL,user28@qastarmeup.comuserlastname28username28userlastname28user28@qastarmeup.com
34,3,username29,NULL,userlastname29,user29@qastarmeup.com,user29@qastarmeup.com,user29,NULL,1,1,1000:71387fb01187dad79b414d1c76a58e94459af3c57f61bda7:86e6c9456600c8812b084a79f2401a54a6dc4b07ea7663592,10,NULL,Senior BA,1,hhlnvraynucudgfrjcal,NULL,1,NULL,NULL,NULL,NULL,0,NULL,NULL,0,NULL,0,0,0,0,0,NULL,NULL,user29@qastarmeup.comuserlastname29username29userlastname29user29@qastarmeup.com
35,3,username30,NULL,userlastname30,user30@qastarmeup.com,user30@qastarmeup.com,user30,NULL,1,1,1000:71387fb01187dad79b414d1c76a58e94459af3c57f61bda7:86e6c9456600c8812b084a79f2401a54a6dc4b07ea7663592,10,NULL,Senior BA,1,hhlnvraynucudgfrjcal,NULL,1,NULL,NULL,NULL,NULL,0,NULL,NULL,0,NULL,0,0,0,0,0,NULL,NULL,user30@qastarmeup.comuserlastname30username30userlastname30user30@qastarmeup.com
36,3,username31,NULL,userlastname31,user31@qastarmeup.com,user31@qastarmeup.com,user31,NULL,1,1,1000:71387fb01187dad79b414d1c76a58e94459af3c57f61bda7:86e6c9456600c8812b084a79f2401a54a6dc4b07ea7663592,10,NULL,Senior BA,1,hhlnvraynucudgfrjcal,NULL,1,NULL,NULL,NULL,NULL,0,NULL,NULL,0,NULL,0,0,0,0,0,NULL,NULL,user31@qastarmeup.comuserlastname31username31userlastname31user31@qastarmeup.com
37,3,username32,NULL,userlastname32,user32@qastarmeup.com,user32@qastarmeup.com,user32,NULL,1,1,1000:71387fb01187dad79b414d1c76a58e94459af3c57f61bda7:86e6c9456600c8812b084a79f2401a54a6dc4b07ea7663592,10,NULL,Senior BA,1,hhlnvraynucudgfrjcal,NULL,1,NULL,NULL,NULL,NULL,0,NULL,NULL,0,NULL,0,0,0,0,0,NULL,NULL,user32@qastarmeup.comuserlastname32username32userlastname32user32@qastarmeup.com
38,3,username33,NULL,userlastname33,user33@qastarmeup.com,user33@qastarmeup.com,user33,NULL,1,1,1000:71387fb01187dad79b414d1c76a58e94459af3c57f61bda7:86e6c9456600c8812b084a79f2401a54a6dc4b07ea7663592,10,NULL,Senior BA,1,hhlnvraynucudgfrjcal,NULL,1,NULL,NULL,NULL,NULL,0,NULL,NULL,0,NULL,0,0,0,0,0,NULL,NULL,user33@qastarmeup.comuserlastname33username33userlastname33user33@qastarmeup.com
39,3,username34,NULL,userlastname34,user34@qastarmeup.com,user34@qastarmeup.com,user34,NULL,1,1,1000:71387fb01187dad79b414d1c76a58e94459af3c57f61bda7:86e6c9456600c8812b084a79f2401a54a6dc4b07ea7663592,10,NULL,Senior BA,1,hhlnvraynucudgfrjcal,NULL,1,NULL,NULL,NULL,NULL,0,NULL,NULL,0,NULL,0,0,0,0,0,NULL,NULL,user34@qastarmeup.comuserlastname34username34userlastname34user34@qastarmeup.com
40,3,username35,NULL,userlastname35,user35@qastarmeup.com,user35@qastarmeup.com,user35,NULL,1,1,1000:71387fb01187dad79b414d1c76a58e94459af3c57f61bda7:86e6c9456600c8812b084a79f2401a54a6dc4b07ea7663592,10,NULL,Senior BA,1,hhlnvraynucudgfrjcal,NULL,1,NULL,NULL,NULL,NULL,0,NULL,NULL,0,NULL,0,0,0,0,0,NULL,NULL,user35@qastarmeup.comuserlastname35username35userlastname35user35@qastarmeup.com
41,3,username36,NULL,userlastname36,user36@qastarmeup.com,user36@qastarmeup.com,user36,NULL,1,1,1000:71387fb01187dad79b414d1c76a58e94459af3c57f61bda7:86e6c9456600c8812b084a79f2401a54a6dc4b07ea7663592,10,NULL,Senior BA,1,hhlnvraynucudgfrjcal,NULL,1,NULL,NULL,NULL,NULL,0,NULL,NULL,0,NULL,0,0,0,0,0,NULL,NULL,user36@qastarmeup.comuserlastname36username36userlastname36user36@qastarmeup.com
42,3,username37,NULL,userlastname37,user37@qastarmeup.com,user37@qastarmeup.com,user37,NULL,1,1,1000:71387fb01187dad79b414d1c76a58e94459af3c57f61bda7:86e6c9456600c8812b084a79f2401a54a6dc4b07ea7663592,10,NULL,Senior BA,1,hhlnvraynucudgfrjcal,NULL,1,NULL,NULL,NULL,NULL,0,NULL,NULL,0,NULL,0,0,0,0,0,NULL,NULL,user37@qastarmeup.comuserlastname37username37userlastname37user37@qastarmeup.com
43,3,username38,NULL,userlastname38,user38@qastarmeup.com,user38@qastarmeup.com,user38,NULL,1,1,1000:71387fb01187dad79b414d1c76a58e94459af3c57f61bda7:86e6c9456600c8812b084a79f2401a54a6dc4b07ea7663592,10,NULL,Senior BA,1,hhlnvraynucudgfrjcal,NULL,1,NULL,NULL,NULL,NULL,0,NULL,NULL,0,NULL,0,0,0,0,0,NULL,NULL,user38@qastarmeup.comuserlastname38username38userlastname38user38@qastarmeup.com
44,3,username39,NULL,userlastname39,user39@qastarmeup.com,user39@qastarmeup.com,user39,NULL,1,1,1000:71387fb01187dad79b414d1c76a58e94459af3c57f61bda7:86e6c9456600c8812b084a79f2401a54a6dc4b07ea7663592,10,NULL,Senior BA,1,hhlnvraynucudgfrjcal,NULL,1,NULL,NULL,NULL,NULL,0,NULL,NULL,0,NULL,0,0,0,0,0,NULL,NULL,user39@qastarmeup.comuserlastname39username39userlastname39user39@qastarmeup.com
45,3,username40,NULL,userlastname40,user40@qastarmeup.com,user40@qastarmeup.com,user40,NULL,1,1,1000:71387fb01187dad79b414d1c76a58e94459af3c57f61bda7:86e6c9456600c8812b084a79f2401a54a6dc4b07ea7663592,10,NULL,Senior BA,1,hhlnvraynucudgfrjcal,NULL,1,NULL,NULL,NULL,NULL,0,NULL,NULL,0,NULL,0,0,0,0,0,NULL,NULL,user40@qastarmeup.comuserlastname40username40userlastname40user40@qastarmeup.com
46,3,username41,NULL,userlastname41,user41@qastarmeup.com,user41@qastarmeup.com,user41,NULL,1,1,1000:71387fb01187dad79b414d1c76a58e94459af3c57f61bda7:86e6c9456600c8812b084a79f2401a54a6dc4b07ea7663592,10,NULL,Senior BA,1,hhlnvraynucudgfrjcal,NULL,1,NULL,NULL,NULL,NULL,0,NULL,NULL,0,NULL,0,0,0,0,0,NULL,NULL,user41@qastarmeup.comuserlastname41username41userlastname41user41@qastarmeup.com
47,3,username42,NULL,userlastname42,user42@qastarmeup.com,user42@qastarmeup.com,user42,NULL,1,1,1000:71387fb01187dad79b414d1c76a58e94459af3c57f61bda7:86e6c9456600c8812b084a79f2401a54a6dc4b07ea7663592,10,NULL,Senior BA,1,hhlnvraynucudgfrjcal,NULL,1,NULL,NULL,NULL,NULL,0,NULL,NULL,0,NULL,0,0,0,0,0,NULL,NULL,user42@qastarmeup.comuserlastname42username42userlastname42user42@qastarmeup.com
48,3,username43,NULL,userlastname43,user43@qastarmeup.com,user43@qastarmeup.com,user43,NULL,1,1,1000:71387fb01187dad79b414d1c76a58e94459af3c57f61bda7:86e6c9456600c8812b084a79f2401a54a6dc4b07ea7663592,10,NULL,Senior BA,1,hhlnvraynucudgfrjcal,NULL,1,NULL,NULL,NULL,NULL,0,NULL,NULL,0,NULL,0,0,0,0,0,NULL,NULL,user43@qastarmeup.comuserlastname43username43userlastname43user43@qastarmeup.com
49,3,username44,NULL,userlastname44,user44@qastarmeup.com,user44@qastarmeup.com,user44,NULL,1,1,1000:71387fb01187dad79b414d1c76a58e94459af3c57f61bda7:86e6c9456600c8812b084a79f2401a54a6dc4b07ea7663592,10,NULL,Senior BA,1,hhlnvraynucudgfrjcal,NULL,1,NULL,NULL,NULL,NULL,0,NULL,NULL,0,NULL,0,0,0,0,0,NULL,NULL,user44@qastarmeup.comuserlastname44username44userlastname44user44@qastarmeup.com
50,3,username45,NULL,userlastname45,user45@qastarmeup.com,user45@qastarmeup.com,user45,NULL,1,1,1000:71387fb01187dad79b414d1c76a58e94459af3c57f61bda7:86e6c9456600c8812b084a79f2401a54a6dc4b07ea7663592,10,NULL,Senior BA,1,hhlnvraynucudgfrjcal,NULL,1,NULL,NULL,NULL,NULL,0,NULL,NULL,0,NULL,0,0,0,0,0,NULL,NULL,user45@qastarmeup.comuserlastname45username45userlastname45user45@qastarmeup.com
51,3,username46,NULL,userlastname46,user46@qastarmeup.com,user46@qastarmeup.com,user46,NULL,1,1,1000:71387fb01187dad79b414d1c76a58e94459af3c57f61bda7:86e6c9456600c8812b084a79f2401a54a6dc4b07ea7663592,10,NULL,Senior BA,1,hhlnvraynucudgfrjcal,NULL,1,NULL,NULL,NULL,NULL,0,NULL,NULL,0,NULL,0,0,0,0,0,NULL,NULL,user46@qastarmeup.comuserlastname46username46userlastname46user46@qastarmeup.com
52,3,username47,NULL,userlastname47,user47@qastarmeup.com,user47@qastarmeup.com,user47,NULL,1,1,1000:71387fb01187dad79b414d1c76a58e94459af3c57f61bda7:86e6c9456600c8812b084a79f2401a54a6dc4b07ea7663592,10,NULL,Senior BA,1,hhlnvraynucudgfrjcal,NULL,1,NULL,NULL,NULL,NULL,0,NULL,NULL,0,NULL,0,0,0,0,0,NULL,NULL,user47@qastarmeup.comuserlastname47username47userlastname47user47@qastarmeup.com
53,3,username48,NULL,userlastname48,user48@qastarmeup.com,user48@qastarmeup.com,user48,NULL,1,1,1000:71387fb01187dad79b414d1c76a58e94459af3c57f61bda7:86e6c9456600c8812b084a79f2401a54a6dc4b07ea7663592,10,NULL,Senior BA,1,hhlnvraynucudgfrjcal,NULL,1,NULL,NULL,NULL,NULL,0,NULL,NULL,0,NULL,0,0,0,0,0,NULL,NULL,user48@qastarmeup.comuserlastname48username48userlastname48user48@qastarmeup.com
54,3,username49,NULL,userlastname49,user49@qastarmeup.com,user49@qastarmeup.com,user49,NULL,1,1,1000:71387fb01187dad79b414d1c76a58e94459af3c57f61bda7:86e6c9456600c8812b084a79f2401a54a6dc4b07ea7663592,10,NULL,Senior BA,1,hhlnvraynucudgfrjcal,NULL,1,NULL,NULL,NULL,NULL,0,NULL,NULL,0,NULL,0,0,0,0,0,NULL,NULL,user49@qastarmeup.comuserlastname49username49userlastname49user49@qastarmeup.com
55,3,username50,NULL,userlastname50,user50@qastarmeup.com,user50@qastarmeup.com,user50,NULL,1,1,1000:71387fb01187dad79b414d1c76a58e94459af3c57f61bda7:86e6c9456600c8812b084a79f2401a54a6dc4b07ea7663592,10,NULL,Senior BA,1,hhlnvraynucudgfrjcal,NULL,1,NULL,NULL,NULL,NULL,0,NULL,NULL,0,NULL,0,0,0,0,0,NULL,NULL,user50@qastarmeup.comuserlastname50username50userlastname50user50@qastarmeup.com
56,3,username51,NULL,userlastname51,user51@qastarmeup.com,user51@qastarmeup.com,user51,NULL,1,1,1000:71387fb01187dad79b414d1c76a58e94459af3c57f61bda7:86e6c9456600c8812b084a79f2401a54a6dc4b07ea7663592,10,NULL,Senior BA,1,hhlnvraynucudgfrjcal,NULL,1,NULL,NULL,NULL,NULL,0,NULL,NULL,0,NULL,0,0,0,0,0,NULL,NULL,user51@qastarmeup.comuserlastname51username51userlastname51user51@qastarmeup.com
57,3,username52,NULL,userlastname52,user52@qastarmeup.com,user52@qastarmeup.com,user52,NULL,1,1,1000:71387fb01187dad79b414d1c76a58e94459af3c57f61bda7:86e6c9456600c8812b084a79f2401a54a6dc4b07ea7663592,10,NULL,Senior BA,1,hhlnvraynucudgfrjcal,NULL,1,NULL,NULL,NULL,NULL,0,NULL,NULL,0,NULL,0,0,0,0,0,NULL,NULL,user52@qastarmeup.comuserlastname52username52userlastname52user52@qastarmeup.com
58,3,username53,NULL,userlastname53,user53@qastarmeup.com,user53@qastarmeup.com,user53,NULL,1,1,1000:71387fb01187dad79b414d1c76a58e94459af3c57f61bda7:86e6c9456600c8812b084a79f2401a54a6dc4b07ea7663592,10,NULL,Senior BA,1,hhlnvraynucudgfrjcal,NULL,1,NULL,NULL,NULL,NULL,0,NULL,NULL,0,NULL,0,0,0,0,0,NULL,NULL,user53@qastarmeup.comuserlastname53username53userlastname53user53@qastarmeup.com
59,3,username54,NULL,userlastname54,user54@qastarmeup.com,user54@qastarmeup.com,user54,NULL,1,1,1000:71387fb01187dad79b414d1c76a58e94459af3c57f61bda7:86e6c9456600c8812b084a79f2401a54a6dc4b07ea7663592,10,NULL,Senior BA,1,hhlnvraynucudgfrjcal,NULL,1,NULL,NULL,NULL,NULL,0,NULL,NULL,0,NULL,0,0,0,0,0,NULL,NULL,user54@qastarmeup.comuserlastname54username54userlastname54user54@qastarmeup.com
60,3,username55,NULL,userlastname55,user55@qastarmeup.com,user55@qastarmeup.com,user55,NULL,1,1,1000:71387fb01187dad79b414d1c76a58e94459af3c57f61bda7:86e6c9456600c8812b084a79f2401a54a6dc4b07ea7663592,10,NULL,Senior BA,1,hhlnvraynucudgfrjcal,NULL,1,NULL,NULL,NULL,NULL,0,NULL,NULL,0,NULL,0,0,0,0,0,NULL,NULL,user55@qastarmeup.comuserlastname55username55userlastname55user55@qastarmeup.com
61,3,username56,NULL,userlastname56,user56@qastarmeup.com,user56@qastarmeup.com,user56,NULL,1,1,1000:71387fb01187dad79b414d1c76a58e94459af3c57f61bda7:86e6c9456600c8812b084a79f2401a54a6dc4b07ea7663592,10,NULL,Senior BA,1,hhlnvraynucudgfrjcal,NULL,1,NULL,NULL,NULL,NULL,0,NULL,NULL,0,NULL,0,0,0,0,0,NULL,NULL,user56@qastarmeup.comuserlastname56username56userlastname56user56@qastarmeup.com
62,3,username57,NULL,userlastname57,user57@qastarmeup.com,user57@qastarmeup.com,user57,NULL,1,1,1000:71387fb01187dad79b414d1c76a58e94459af3c57f61bda7:86e6c9456600c8812b084a79f2401a54a6dc4b07ea7663592,10,NULL,Senior BA,1,hhlnvraynucudgfrjcal,NULL,1,NULL,NULL,NULL,NULL,0,NULL,NULL,0,NULL,0,0,0,0,0,NULL,NULL,user57@qastarmeup.comuserlastname57username57userlastname57user57@qastarmeup.com
63,3,username58,NULL,userlastname58,user58@qastarmeup.com,user58@qastarmeup.com,user58,NULL,1,1,1000:71387fb01187dad79b414d1c76a58e94459af3c57f61bda7:86e6c9456600c8812b084a79f2401a54a6dc4b07ea7663592,10,NULL,Senior BA,1,hhlnvraynucudgfrjcal,NULL,1,NULL,NULL,NULL,NULL,0,NULL,NULL,0,NULL,0,0,0,0,0,NULL,NULL,user58@qastarmeup.comuserlastname58username58userlastname58user58@qastarmeup.com
64,3,username59,NULL,userlastname59,user59@qastarmeup.com,user59@qastarmeup.com,user59,NULL,2,1,1000:71387fb01187dad79b414d1c76a58e94459af3c57f61bda7:86e6c9456600c8812b084a79f2401a54a6dc4b07ea7663592,10,NULL,Senior BA,1,hhlnvraynucudgfrjcal,NULL,1,NULL,NULL,NULL,NULL,0,NULL,NULL,0,NULL,0,0,0,0,0,NULL,NULL,user59@qastarmeup.comuserlastname59username59userlastname59user59@qastarmeup.com
65,3,customerModeUser,NULL,customerModeUserLastname,customer@qastarmeup.com,customer@qastarmeup.com,customer,NULL,1,1,1000:71387fb01187dad79b414d1c76a58e94459af3c57f61bda7:86e6c9456600c8812b084a79f2401a54a6dc4b07ea7663592,10,NULL,Senior BA,1,hhlnvraynucudgfrjcal,NULL,1,NULL,NULL,NULL,NULL,0,NULL,NULL,0,NULL,1,0,0,0,0,NULL,NULL,customer@qastarmeup.comcustomerModeUserLastnamecustomerModeUsercustomerModeUserLastnamecustomer@qastarmeup.com
66,4,Gabriel,NULL,Praino,gabriel.praino@globant.com,gabriel.praino@globant.com,NULL,5491150195340,2,2,1000:bef77911247a73a9ada713654f9c3604f70829d42bf0fd21:d1b489a14fecdd7c74ca7c0aeaf1484122877158a098cbda,12,Gabriel,NULL,1,hhlnvraynucudgfrjcal,NULL,1,NULL,NULL,NULL,NULL,1460065587931,NULL,NULL,0,NULL,0,0,0,1,0,2016-04-01,NULL,Headquartersgabriel.praino@globant.comPrainoGabrielPrainogabriel.praino@globant.comHeadquarters
67,5,user1,NULL,Trial,user1.trial@tatibus.com.ar,user1.trial@tatibus.com.ar,NULL,5491150195340,2,2,1000:3377060b49184091066c23c2d1b96417e47ecdc4db5bae19:4fef7efee6ef8d9d3a0a8ac5161e8df3f94e718944663175,13,User1,NULL,1,hhlnvraynucudgfrjcal,NULL,1,NULL,NULL,NULL,NULL,0,NULL,NULL,0,NULL,0,0,0,0,0,2016-04-01,NULL,Headquartersuser1.trial@tatibus.com.arTrialuser1Trialuser1.trial@tatibus.com.arHeadquarters
